Electron density <n>,                             Double occupancy <n+ n->,                         ZZ AF Structure Factor,                           < m^2 >,                                          Hkin,                                             Hint,                                             E                                                 
1.008237612                                       ,0.2446647887                                      ,0.5189080345                                      ,0.5189080345                                      ,-26.1015225                                       ,0.9786591549                                      ,-639.5228633                                      
