Electron density <n>,                             Double occupancy <n+ n->,                         ZZ AF Structure Factor,                           < m^2 >,                                          Hkin,                                             Hint,                                             E                                                 
0.999939452                                       ,0.2726531006                                      ,0.4546332507                                      ,0.4546332507                                      ,-1.39622166                                       ,0.2726531006                                      ,-605.9235686                                      
