Electron density <n>,                             Double occupancy <n+ n->,                         ZZ AF Structure Factor,                           < m^2 >,                                          Hkin,                                             Hint,                                             E,                                                Average sign                                      
0.6698558271                                      ,0.0666755228                                      ,0.5365047815                                      ,0.5365047815                                      ,-23.698078                                        ,0.666755228                                       ,-23.03132277                                      
0.8734693878                                      
