Electron density <n>,                             Double occupancy <n+ n->,                         ZZ AF Structure Factor,                           < m^2 >,                                          Hkin,                                             Hint,                                             E,                                                Average sign                                      
0.6469366261                                      ,0.1107491118                                      ,0.4254384025                                      ,0.4254384025                                      ,-23.94851038                                      ,0.4429964472                                      ,-23.50551394                                      ,1                                                 
