Electron density <n>,                             Double occupancy <n+ n->,                         ZZ AF Structure Factor,                           < m^2 >,                                          Hkin,                                             Hint,                                             E                                                 
1                                                 ,0.1357587508                                      ,1.393838824                                       ,0.7284824984                                      ,-1.718803035                                      ,0.5430350032                                      ,-1.175768031                                      
