Electron density <n>,                             Double occupancy <n+ n->,                         ZZ AF Structure Factor,                           < m^2 >,                                          Hkin,                                             Hint,                                             E,                                                Average sign                                      
0.6644540458                                      ,0.09447625639                                     ,0.475501533                                       ,0.475501533                                       ,-23.63538666                                      ,0.7558100511                                      ,-22.87957661                                      ,1                                                 
