Electron density <n>,                             Double occupancy <n+ n->,                         ZZ AF Structure Factor,                           < m^2 >,                                          Hkin,                                             Hint,                                             E                                                 
1                                                 ,0.1354263796                                      ,1.406359893                                       ,0.7291472409                                      ,-1.719800061                                      ,0.5417055182                                      ,-1.178094542                                      
